<?xml version="1.0" encoding="UTF-8"?>
<project-private xmlns="http://www.netbeans.org/ns/project-private/1">
    <editor-bookmarks xmlns="http://www.netbeans.org/ns/editor-bookmarks/2" lastBookmarkId="0"/>
    <open-files xmlns="http://www.netbeans.org/ns/projectui-open-files/2">
        <group>
            <file>file:/C:/Users/Studente1/Desktop/Corsa.java/src/corsa/java/Atleta.java</file>
            <file>file:/C:/Users/Studente1/Desktop/Corsa.java/src/corsa/java/TODO.txt</file>
            <file>file:/C:/Users/Studente1/Desktop/Corsa.java/src/corsa/java/Corsa.java</file>
            <file>file:/C:/Users/Studente1/Desktop/Corsa.java/src/corsa/java/Giudice.java</file>
            <file>file:/C:/Users/Studente1/Desktop/Corsa.java/src/corsa/java/Classifica.java</file>
            <file>file:/C:/Users/Studente1/Desktop/Corsa.java/src/corsa/java/Pista.java</file>
        </group>
    </open-files>
</project-private>
